{
  "feature_columns": [
    "mean_interval_days",
    "hb_trend",
    "units_per_transfusion_avg",
    "days_since_last_transfusion",
    "age",
    "weightKg",
    "month",
    "day_of_week",
    "has_comorbidities",
    "last_hb",
    "last_units"
  ],
  "feature_importance": {
    "mean_interval_days": 1006295.6963272095,
    "hb_trend": 7664.984404563904,
    "units_per_transfusion_avg": 4216.435446739197,
    "days_since_last_transfusion": 168242.53493642807,
    "age": 4384.334957122803,
    "weightKg": 7215.359787940979,
    "month": 7439.213286399841,
    "day_of_week": 5283.728510856628,
    "has_comorbidities": 182.07000350952148,
    "last_hb": 6481.240535736084,
    "last_units": 4023.132204055786
  },
  "metrics": {
    "train": {
      "mae": 2.0863513577118233,
      "rmse": 2.5425046395725346,
      "r2": 0.8982729767478909
    },
    "test": {
      "mae": 2.4327695471061244,
      "rmse": 3.0021586847846358,
      "r2": 0.8618546262698341
    },
    "coverage_7_days": 0.9813374805598756,
    "coverage_14_days": 1.0
  },
  "trained_at": "2026-02-05T10:17:46.068572",
  "model_version": "1.0.0"
}