{
  "feature_columns": [
    "mean_interval_days",
    "hb_trend",
    "units_per_transfusion_avg",
    "days_since_last_transfusion",
    "age",
    "weightKg",
    "month",
    "day_of_week",
    "has_comorbidities",
    "last_hb",
    "last_units"
  ],
  "feature_importance": {
    "mean_interval_days": 1007295.4126205444,
    "hb_trend": 7760.2911014556885,
    "units_per_transfusion_avg": 4368.284038543701,
    "days_since_last_transfusion": 168516.5134215355,
    "age": 3630.3857069015503,
    "weightKg": 7974.214920043945,
    "month": 9245.912981987,
    "day_of_week": 5547.647921085358,
    "has_comorbidities": 87.64790344238281,
    "last_hb": 6364.9105043411255,
    "last_units": 3749.5299673080444
  },
  "metrics": {
    "train": {
      "mae": 2.0705963732048067,
      "rmse": 2.524631234138606,
      "r2": 0.8996981992969446
    },
    "test": {
      "mae": 2.437359752264489,
      "rmse": 3.0008693007850398,
      "r2": 0.8619732636922302
    },
    "coverage_7_days": 0.9828926905132193,
    "coverage_14_days": 1.0
  },
  "trained_at": "2026-01-30T22:05:53.983420",
  "model_version": "1.0.0"
}