{
  "feature_columns": [
    "mean_interval_days",
    "hb_trend",
    "units_per_transfusion_avg",
    "days_since_last_transfusion",
    "age",
    "weightKg",
    "thal_encoded",
    "splenectomy",
    "ferritin",
    "last_hb",
    "last_units",
    "recent_hb_avg",
    "has_comorbidities"
  ],
  "feature_importance": {
    "mean_interval_days": 73056029.26499939,
    "hb_trend": 739895.75831604,
    "units_per_transfusion_avg": 99584.6428527832,
    "days_since_last_transfusion": 1554243.111480713,
    "age": 639715.9676971436,
    "weightKg": 829650.8018493652,
    "thal_encoded": 27266136.446166992,
    "splenectomy": 1937129.4089355469,
    "ferritin": 1294323.7830200195,
    "last_hb": 67087.94013977051,
    "last_units": 9405.732940673828,
    "recent_hb_avg": 153729.02792358398,
    "has_comorbidities": 41132.636154174805
  },
  "metrics": {
    "test": {
      "mae": 4.340907419749695,
      "rmse": 6.525509539761482,
      "r2": 0.8208648139061621
    },
    "coverage_7_days": 0.8396327649934422,
    "coverage_14_days": 0.9564802670800048
  },
  "trained_at": "2026-02-16T09:44:24.165827",
  "model_version": "1.0.0"
}