{
  "feature_columns": [
    "mean_interval_days",
    "hb_trend",
    "units_per_transfusion_avg",
    "days_since_last_transfusion",
    "age",
    "weightKg",
    "thal_encoded",
    "splenectomy",
    "ferritin",
    "last_hb",
    "last_units",
    "recent_hb_avg",
    "has_comorbidities"
  ],
  "feature_importance": {
    "mean_interval_days": 10141910.28514862,
    "hb_trend": 168405.23553848267,
    "units_per_transfusion_avg": 27367.990922927856,
    "days_since_last_transfusion": 303149.0366039276,
    "age": 79867.2112121582,
    "weightKg": 89819.90789222717,
    "thal_encoded": 3807750.539505005,
    "splenectomy": 189116.3218460083,
    "ferritin": 181067.79816627502,
    "last_hb": 37349.70951652527,
    "last_units": 3362.8156967163086,
    "recent_hb_avg": 67725.33917999268,
    "has_comorbidities": 1999.6184692382812
  },
  "metrics": {
    "test": {
      "mae": 4.792124134281692,
      "rmse": 7.078256212571691,
      "r2": 0.7817157173543718
    },
    "coverage_7_days": 0.7972116603295311,
    "coverage_14_days": 0.9493029150823827
  },
  "trained_at": "2026-02-05T10:06:12.347193",
  "model_version": "1.0.0"
}